INSERT INTO `gifticon_product` (id, category, image_url, name, price, status, unlock_grade) VALUES (1,'food',NULL,'따뜻한 아이스 아메리카노',2000,'SELL','BRONZE');
INSERT INTO `gifticon_product` (id, category, image_url, name, price, status, unlock_grade) VALUES (2,'food',NULL,'불닭 바닐라라떼',3500,'SELL','BRONZE');

INSERT INTO `member` (id, created_at, updated_at, attendance_streak, attended_at, auth_provider, email, gender, is_deleted, job, member_id, nickname, phone_number, profile_image_url, `rank`, role, status, year_of_birth) VALUES (1,'2025-09-03 08:18:39.149000','2025-09-03 08:19:25.944000',1,'2025-09-03 11:19:28.805000','KAKAO','polletadmin@gmail.com',NULL,_binary '\0',NULL,'polletadmin','Pollet Admin','01012345678','S3URL','BRONZE','ADMIN','ACTIVE','2000');
INSERT INTO `member` (id, created_at, updated_at, attendance_streak, attended_at, auth_provider, email, gender, is_deleted, job, member_id, nickname, phone_number, profile_image_url, `rank`, role, status, year_of_birth) VALUES (2,'2025-09-03 08:21:53.038000','2025-09-03 08:21:55.744000',1,'2025-09-03 11:21:58.183000','KAKAO','polletmember@gmail.com',NULL,_binary '\0',NULL,'polletmember','Pollet Member','01056781234','S3URL','BRONZE','MEMBER','ACTIVE','2000');

INSERT INTO `survey` (id, created_at, updated_at, available_point, cover_url, creator_name, current_response_count, description, end_condition, end_date_time, estimated_time, is_template, primary_color, privacy_contents, privacy_expire_date, privacy_purpose_type, privacy_purpose_value, privacy_type, purpose, require_response_count, response_expire_date, reward_point, reward_type, secondary_color, start_date_time, subtitle, title, reward_gifticon_product_id, member_id) VALUES (1,'2025-09-03 11:05:00.000000','2025-09-03 11:05:00.000000',10000,NULL,'Team Octagram',0,'테스트용 설문조사 (기프티콘)','TYPE_1','2025-09-15 09:00:00.830000',3,_binary '\0','',0,'2025-10-15 00:00:00.213000',0,NULL,'TYPE_1','테스트용',5,'2025-10-15 00:00:00.510000',NULL,'GIFTICON',NULL,'2025-09-03 09:00:00.892000','테스트용 샘플 설문조사 (기프티콘)','테스트 설문조사 (기프티콘)',1,1);
INSERT INTO `survey` (id, created_at, updated_at, available_point, cover_url, creator_name, current_response_count, description, end_condition, end_date_time, estimated_time, is_template, primary_color, privacy_contents, privacy_expire_date, privacy_purpose_type, privacy_purpose_value, privacy_type, purpose, require_response_count, response_expire_date, reward_point, reward_type, secondary_color, start_date_time, subtitle, title, reward_gifticon_product_id, member_id) VALUES (2,'2025-09-03 11:10:00.000000','2025-09-03 11:10:00.000000',10000,NULL,'Team Octagram',0,'테스트용 설문조사 (포인트)','TYPE_1','2025-09-15 00:00:00.817000',3,_binary '\0',NULL,0,'2025-10-15 00:00:00.095000',0,NULL,'TYPE_1','테스트용',5,'2025-10-15 00:00:00.722000',2000,'POINT',NULL,'2025-09-03 00:00:00.075000','테스트용 샘플 설문조사 (포인트)','테스트 설문조사 (포인트)',NULL,1);
INSERT INTO `survey` (id, created_at, updated_at, available_point, cover_url, creator_name, current_response_count, description, end_condition, end_date_time, estimated_time, is_template, primary_color, privacy_contents, privacy_expire_date, privacy_purpose_type, privacy_purpose_value, privacy_type, purpose, require_response_count, response_expire_date, reward_point, reward_type, secondary_color, start_date_time, subtitle, title, reward_gifticon_product_id, member_id) VALUES (3,'2025-09-06 11:15:00.000000','2025-09-06 11:15:00.000000',10000,NULL,'Team Octagram',0,'테스트용 설문조사2 (기프티콘)','TYPE_1','2025-09-15 09:00:00.830000',2,_binary '\0','',0,'2025-10-15 00:00:00.213000',0,NULL,'TYPE_1','테스트용',5,'2025-10-15 00:00:00.510000',NULL,'GIFTICON',NULL,'2025-09-06 09:00:00.892000','테스트용 샘플 설문조사2 (기프티콘)','테스트 설문조사2 (기프티콘)',2,2);
INSERT INTO `survey` (id, created_at, updated_at, available_point, cover_url, creator_name, current_response_count, description, end_condition, end_date_time, estimated_time, is_template, primary_color, privacy_contents, privacy_expire_date, privacy_purpose_type, privacy_purpose_value, privacy_type, purpose, require_response_count, response_expire_date, reward_point, reward_type, secondary_color, start_date_time, subtitle, title, reward_gifticon_product_id, member_id) VALUES (4,'2025-09-06 11:20:00.000000','2025-09-06 11:20:00.000000',10000,NULL,'Team Octagram',0,'테스트용 설문조사2 (포인트)','TYPE_1','2025-09-15 00:00:00.817000',2,_binary '\0',NULL,0,'2025-10-15 00:00:00.095000',0,NULL,'TYPE_1','테스트용',5,'2025-10-15 00:00:00.722000',3000,'POINT',NULL,'2025-09-06 11:00:00.075000','테스트용 샘플 설문조사2 (포인트)','테스트 설문조사2 (포인트)',NULL,2);

INSERT INTO `question` (id, created_at, updated_at, description, image_url, is_check_diligent, is_required, `order`, page, title, type, survey_id, is_check_target) VALUES (1,'2025-09-03 11:05:00.000000','2025-09-03 11:05:00.000000',NULL,NULL,_binary '\0',_binary '\0',1,1,'기프티콘을 주로 어떤 경로로 얻게 되시나요?','SINGLE_CHOICE',1,_binary '\0');
INSERT INTO `question` (id, created_at, updated_at, description, image_url, is_check_diligent, is_required, `order`, page, title, type, survey_id, is_check_target) VALUES (2,'2025-09-03 11:05:00.000000','2025-09-03 11:05:00.000000',NULL,NULL,_binary '\0',_binary '\0',2,1,'기프티콘을 사용할 때 불편하다고 느끼는 점을 모두 선택해주세요.','MULTIPLE_CHOICE',1,_binary '\0');
INSERT INTO `question` (id, created_at, updated_at, description, image_url, is_check_diligent, is_required, `order`, page, title, type, survey_id, is_check_target) VALUES (3,'2025-09-03 11:05:00.000000','2025-09-03 11:05:00.000000',NULL,NULL,_binary '\0',_binary '\0',3,1,'한 달에 평균 몇 개의 기프티콘을 사용하시나요?','SHORT_ANSWER',1,_binary '\0');
INSERT INTO `question` (id, created_at, updated_at, description, image_url, is_check_diligent, is_required, `order`, page, title, type, survey_id, is_check_target) VALUES (4,'2025-09-03 11:05:00.000000','2025-09-03 11:05:00.000000',NULL,NULL,_binary '\0',_binary '\0',4,1,'가장 선호하는 기프티콘 브랜드나 종류는 무엇이며, 그 이유는 무엇인가요?','LONG_ANSWER',1,_binary '\0');
INSERT INTO `question` (id, created_at, updated_at, description, image_url, is_check_diligent, is_required, `order`, page, title, type, survey_id, is_check_target) VALUES (5,'2025-09-03 11:05:00.000000','2025-09-03 11:05:00.000000',NULL,NULL,_binary '\0',_binary '\0',1,1,'포인트를 사용하는 가장 주된 이유는 무엇입니까?','SINGLE_CHOICE',2,_binary '\0');
INSERT INTO `question` (id, created_at, updated_at, description, image_url, is_check_diligent, is_required, `order`, page, title, type, survey_id, is_check_target) VALUES (6,'2025-09-03 11:10:00.000000','2025-09-03 11:10:00.000000',NULL,NULL,_binary '\0',_binary '\0',2,1,'현재 이용하시는 포인트 제도에 만족하는 점을 모두 선택해 주세요.','MULTIPLE_CHOICE',2,_binary '\0');
INSERT INTO `question` (id, created_at, updated_at, description, image_url, is_check_diligent, is_required, `order`, page, title, type, survey_id, is_check_target) VALUES (7,'2025-09-03 11:10:00.000000','2025-09-03 11:10:00.000000','예: 사용처 확대, 적립률 상승 등',NULL,_binary '\0',_binary '\0',3,1,'앞으로 포인트 제도가 어떻게 변화하면 더 자주 이용할 것 같으신가요?','SHORT_ANSWER',2,_binary '\0');
INSERT INTO `question` (id, created_at, updated_at, description, image_url, is_check_diligent, is_required, `order`, page, title, type, survey_id, is_check_target) VALUES (8,'2025-09-03 11:10:00.000000','2025-09-03 11:10:00.000000',NULL,NULL,_binary '\0',_binary '\0',4,1,'포인트 사용 시 불편했던 경험이나 개선되었으면 하는 점이 있다면 자유롭게 작성해 주세요.','LONG_ANSWER',2,_binary '\0');
INSERT INTO `question` (id, created_at, updated_at, description, image_url, is_check_diligent, is_required, `order`, page, title, type, survey_id, is_check_target) VALUES (9,'2025-09-03 11:10:00.000000','2025-09-03 11:10:00.000000',NULL,NULL,_binary '\0',_binary '\0',0,0,'기프티콘을 사용해 본 적이 있다.','SINGLE_CHOICE',1,true);
INSERT INTO `question` (id, created_at, updated_at, description, image_url, is_check_diligent, is_required, `order`, page, title, type, survey_id, is_check_target) VALUES (10,'2025-09-03 11:10:00.000000','2025-09-03 11:10:00.000000',NULL,NULL,_binary '\0',_binary '\0',0,0,'포인트를 사용해 본 적이 있다.','SINGLE_CHOICE',2,true);
INSERT INTO `question` (id, created_at, updated_at, description, image_url, is_check_diligent, is_required, `order`, page, title, type, survey_id, is_check_target) VALUES (11,'2025-09-06 11:15:00.000000','2025-09-06 11:15:00.000000',NULL,NULL,_binary '\0',_binary '\0',1,1,'온라인 쇼핑을 가장 많이 이용하는 플랫폼은 어디인가요?','SINGLE_CHOICE',3,_binary '\0');
INSERT INTO `question` (id, created_at, updated_at, description, image_url, is_check_diligent, is_required, `order`, page, title, type, survey_id, is_check_target) VALUES (12,'2025-09-06 11:15:00.000000','2025-09-06 11:15:00.000000',NULL,NULL,_binary '\0',_binary '\0',2,1,'온라인 쇼핑 시 중요하게 생각하는 요소를 모두 선택해 주세요.','MULTIPLE_CHOICE',3,_binary '\0');
INSERT INTO `question` (id, created_at, updated_at, description, image_url, is_check_diligent, is_required, `order`, page, title, type, survey_id, is_check_target) VALUES (13,'2025-09-06 11:15:00.000000','2025-09-06 11:15:00.000000','예: 빠른 배송, 저렴한 가격 등',NULL,_binary '\0',_binary '\0',3,1,'온라인 쇼핑을 자주 이용하는 이유는 무엇인가요?','SHORT_ANSWER',3,_binary '\0');
INSERT INTO `question` (id, created_at, updated_at, description, image_url, is_check_diligent, is_required, `order`, page, title, type, survey_id, is_check_target) VALUES (14,'2025-09-06 11:15:00.000000','2025-09-06 11:15:00.000000',NULL,NULL,_binary '\0',_binary '\0',4,1,'온라인 쇼핑 경험 중 불편하거나 개선되었으면 하는 점을 자유롭게 작성해 주세요.','LONG_ANSWER',3,_binary '\0');
INSERT INTO `question` (id, created_at, updated_at, description, image_url, is_check_diligent, is_required, `order`, page, title, type, survey_id, is_check_target) VALUES (15,'2025-09-06 11:15:00.000000','2025-09-06 11:15:00.000000',NULL,NULL,_binary '\0',_binary '\0',0,0,'온라인 쇼핑을 한 달에 한 번 이상 이용한다.','SINGLE_CHOICE',3,true);
INSERT INTO `question` (id, created_at, updated_at, description, image_url, is_check_diligent, is_required, `order`, page, title, type, survey_id, is_check_target) VALUES (16,'2025-09-06 11:20:00.000000','2025-09-06 11:20:00.000000',NULL,NULL,_binary '\0',_binary '\0',1,1,'가장 자주 이용하는 배달 음식 카테고리는 무엇인가요?','SINGLE_CHOICE',4,_binary '\0');
INSERT INTO `question` (id, created_at, updated_at, description, image_url, is_check_diligent, is_required, `order`, page, title, type, survey_id, is_check_target) VALUES (17,'2025-09-06 11:20:00.000000','2025-09-06 11:20:00.000000',NULL,NULL,_binary '\0',_binary '\0',2,1,'배달 음식을 주문할 때 고려하는 요소를 모두 선택해 주세요.','MULTIPLE_CHOICE',4,_binary '\0');
INSERT INTO `question` (id, created_at, updated_at, description, image_url, is_check_diligent, is_required, `order`, page, title, type, survey_id, is_check_target) VALUES (18,'2025-09-06 11:20:00.000000','2025-09-06 11:20:00.000000','예: 가격, 배달 시간, 맛 등',NULL,_binary '\0',_binary '\0',3,1,'배달 음식을 자주 이용하는 이유는 무엇인가요?','SHORT_ANSWER',4,_binary '\0');
INSERT INTO `question` (id, created_at, updated_at, description, image_url, is_check_diligent, is_required, `order`, page, title, type, survey_id, is_check_target) VALUES (19,'2025-09-06 11:20:00.000000','2025-09-06 11:20:00.000000',NULL,NULL,_binary '\0',_binary '\0',4,1,'배달 음식 이용 시 불편했던 경험이나 개선되었으면 하는 점을 자유롭게 작성해 주세요.','LONG_ANSWER',4,_binary '\0');
INSERT INTO `question` (id, created_at, updated_at, description, image_url, is_check_diligent, is_required, `order`, page, title, type, survey_id, is_check_target) VALUES (20,'2025-09-06 11:20:00.000000','2025-09-06 11:20:00.000000',NULL,NULL,_binary '\0',_binary '\0',0,0,'일주일에 최소 1회 이상 배달 음식을 이용한다.','SINGLE_CHOICE',4,true);

INSERT INTO `question_option` (id, created_at, updated_at, content, image_url, `order`, question_id, is_check_target, is_check_diligent) VALUES (1,'2025-09-03 11:07:01.000000','2025-09-03 11:07:01.000000','다른 사람에게 선물 받음',NULL,1,1,false,false);
INSERT INTO `question_option` (id, created_at, updated_at, content, image_url, `order`, question_id, is_check_target, is_check_diligent) VALUES (2,'2025-09-03 11:07:02.000000','2025-09-03 11:07:02.000000','이벤트 경품으로 받음',NULL,2,1,false,false);
INSERT INTO `question_option` (id, created_at, updated_at, content, image_url, `order`, question_id, is_check_target, is_check_diligent) VALUES (3,'2025-09-03 11:07:03.000000','2025-09-03 11:07:03.000000','필요해서 직접 구매함',NULL,3,1,false,false);
INSERT INTO `question_option` (id, created_at, updated_at, content, image_url, `order`, question_id, is_check_target, is_check_diligent) VALUES (4,'2025-09-03 11:07:04.000000','2025-09-03 11:07:04.000000','기업/브랜드 프로모션으로 받음',NULL,4,1,false,false);
INSERT INTO `question_option` (id, created_at, updated_at, content, image_url, `order`, question_id, is_check_target, is_check_diligent) VALUES (5,'2025-09-03 11:07:05.000000','2025-09-03 11:07:05.000000','사용 가능한 매장이 제한적임',NULL,1,2,false,false);
INSERT INTO `question_option` (id, created_at, updated_at, content, image_url, `order`, question_id, is_check_target, is_check_diligent) VALUES (6,'2025-09-03 11:07:06.000000','2025-09-03 11:07:06.000000','유효기간이 짧아 사용 시기를 놓침',NULL,2,2,false,false);
INSERT INTO `question_option` (id, created_at, updated_at, content, image_url, `order`, question_id, is_check_target, is_check_diligent) VALUES (7,'2025-09-03 11:07:07.000000','2025-09-03 11:07:07.000000','상품 가격보다 낮은 금액의 기프티콘 사용 시 잔액 환불이 어려움',NULL,3,2,false,false);
INSERT INTO `question_option` (id, created_at, updated_at, content, image_url, `order`, question_id, is_check_target, is_check_diligent) VALUES (8,'2025-09-03 11:07:08.000000','2025-09-03 11:07:08.000000','사용 절차가 복잡하거나 번거로움',NULL,4,2,false,false);
INSERT INTO `question_option` (id, created_at, updated_at, content, image_url, `order`, question_id, is_check_target, is_check_diligent) VALUES (9,'2025-09-03 11:07:09.000000','2025-09-03 11:07:09.000000','현금처럼 사용 가능해서',NULL,1,5,false,false);
INSERT INTO `question_option` (id, created_at, updated_at, content, image_url, `order`, question_id, is_check_target, is_check_diligent) VALUES (10,'2025-09-03 11:07:10.000000','2025-09-03 11:07:10.000000','포인트로만 구매 가능한 상품이 있어서',NULL,2,5,false,false);
INSERT INTO `question_option` (id, created_at, updated_at, content, image_url, `order`, question_id, is_check_target, is_check_diligent) VALUES (11,'2025-09-03 11:07:11.000000','2025-09-03 11:07:11.000000','유효기간이 곧 만료될 예정이라서',NULL,3,5,false,false);
INSERT INTO `question_option` (id, created_at, updated_at, content, image_url, `order`, question_id, is_check_target, is_check_diligent) VALUES (12,'2025-09-03 11:07:12.000000','2025-09-03 11:07:12.000000','추가 할인 혜택을 받기 위해서',NULL,4,5,false,false);
INSERT INTO `question_option` (id, created_at, updated_at, content, image_url, `order`, question_id, is_check_target, is_check_diligent) VALUES (13,'2025-09-03 11:07:13.000000','2025-09-03 11:07:13.000000','다양한 사용처',NULL,1,6,false,false);
INSERT INTO `question_option` (id, created_at, updated_at, content, image_url, `order`, question_id, is_check_target, is_check_diligent) VALUES (14,'2025-09-03 11:07:14.000000','2025-09-03 11:07:14.000000','쉬운 적립 방법',NULL,2,6,false,false);
INSERT INTO `question_option` (id, created_at, updated_at, content, image_url, `order`, question_id, is_check_target, is_check_diligent) VALUES (15,'2025-09-03 11:07:15.000000','2025-09-03 11:07:15.000000','높은 적립률',NULL,3,6,false,false);
INSERT INTO `question_option` (id, created_at, updated_at, content, image_url, `order`, question_id, is_check_target, is_check_diligent) VALUES (16,'2025-09-03 11:07:16.000000','2025-09-03 11:07:16.000000','포인트 관련 유용한 이벤트 및 프로모션',NULL,4,6,false,false);
INSERT INTO `question_option` (id, created_at, updated_at, content, image_url, `order`, question_id, is_check_target, is_check_diligent) VALUES (17,'2025-09-03 11:07:17.000000','2025-09-03 11:07:17.000000','있음',NULL,1,9,true,false);
INSERT INTO `question_option` (id, created_at, updated_at, content, image_url, `order`, question_id, is_check_target, is_check_diligent) VALUES (18,'2025-09-03 11:07:18.000000','2025-09-03 11:07:18.000000','없음',NULL,2,9,false,false);
INSERT INTO `question_option` (id, created_at, updated_at, content, image_url, `order`, question_id, is_check_target, is_check_diligent) VALUES (19,'2025-09-03 11:07:19.000000','2025-09-03 11:07:19.000000','있음',NULL,1,10,true,false);
INSERT INTO `question_option` (id, created_at, updated_at, content, image_url, `order`, question_id, is_check_target, is_check_diligent) VALUES (20,'2025-09-03 11:07:20.000000','2025-09-03 11:07:20.000000','없음',NULL,2,10,false,false);
INSERT INTO `question_option` (id, created_at, updated_at, content, image_url, `order`, question_id, is_check_target, is_check_diligent) VALUES (21,'2025-09-06 11:17:01.000000','2025-09-06 11:17:01.000000','쿠팡',NULL,1,11,false,false);
INSERT INTO `question_option` (id, created_at, updated_at, content, image_url, `order`, question_id, is_check_target, is_check_diligent) VALUES (22,'2025-09-06 11:17:02.000000','2025-09-06 11:17:02.000000','네이버 쇼핑',NULL,2,11,false,false);
INSERT INTO `question_option` (id, created_at, updated_at, content, image_url, `order`, question_id, is_check_target, is_check_diligent) VALUES (23,'2025-09-06 11:17:03.000000','2025-09-06 11:17:03.000000','11번가/G마켓/옥션',NULL,3,11,false,false);
INSERT INTO `question_option` (id, created_at, updated_at, content, image_url, `order`, question_id, is_check_target, is_check_diligent) VALUES (24,'2025-09-06 11:17:04.000000','2025-09-06 11:17:04.000000','기타',NULL,4,11,false,false);
INSERT INTO `question_option` (id, created_at, updated_at, content, image_url, `order`, question_id, is_check_target, is_check_diligent) VALUES (25,'2025-09-06 11:17:05.000000','2025-09-06 11:17:05.000000','가격',NULL,1,12,false,false);
INSERT INTO `question_option` (id, created_at, updated_at, content, image_url, `order`, question_id, is_check_target, is_check_diligent) VALUES (26,'2025-09-06 11:17:06.000000','2025-09-06 11:17:06.000000','배송 속도',NULL,2,12,false,false);
INSERT INTO `question_option` (id, created_at, updated_at, content, image_url, `order`, question_id, is_check_target, is_check_diligent) VALUES (27,'2025-09-06 11:17:07.000000','2025-09-06 11:17:07.000000','상품 리뷰',NULL,3,12,false,false);
INSERT INTO `question_option` (id, created_at, updated_at, content, image_url, `order`, question_id, is_check_target, is_check_diligent) VALUES (28,'2025-09-06 11:17:08.000000','2025-09-06 11:17:08.000000','반품/환불 정책',NULL,4,12,false,false);
INSERT INTO `question_option` (id, created_at, updated_at, content, image_url, `order`, question_id, is_check_target, is_check_diligent) VALUES (29,'2025-09-06 11:17:09.000000','2025-09-06 11:17:09.000000','있음',NULL,1,15,true,false);
INSERT INTO `question_option` (id, created_at, updated_at, content, image_url, `order`, question_id, is_check_target, is_check_diligent) VALUES (30,'2025-09-06 11:17:10.000000','2025-09-06 11:17:10.000000','없음',NULL,2,15,false,false);
INSERT INTO `question_option` (id, created_at, updated_at, content, image_url, `order`, question_id, is_check_target, is_check_diligent) VALUES (31,'2025-09-06 11:17:11.000000','2025-09-06 11:17:11.000000','치킨',NULL,1,16,false,false);
INSERT INTO `question_option` (id, created_at, updated_at, content, image_url, `order`, question_id, is_check_target, is_check_diligent) VALUES (32,'2025-09-06 11:17:12.000000','2025-09-06 11:17:12.000000','피자',NULL,2,16,false,false);
INSERT INTO `question_option` (id, created_at, updated_at, content, image_url, `order`, question_id, is_check_target, is_check_diligent) VALUES (33,'2025-09-06 11:17:13.000000','2025-09-06 11:17:13.000000','중식',NULL,3,16,false,false);
INSERT INTO `question_option` (id, created_at, updated_at, content, image_url, `order`, question_id, is_check_target, is_check_diligent) VALUES (34,'2025-09-06 11:17:14.000000','2025-09-06 11:17:14.000000','기타',NULL,4,16,false,false);
INSERT INTO `question_option` (id, created_at, updated_at, content, image_url, `order`, question_id, is_check_target, is_check_diligent) VALUES (35,'2025-09-06 11:17:15.000000','2025-09-06 11:17:15.000000','배달 시간',NULL,1,17,false,false);
INSERT INTO `question_option` (id, created_at, updated_at, content, image_url, `order`, question_id, is_check_target, is_check_diligent) VALUES (36,'2025-09-06 11:17:16.000000','2025-09-06 11:17:16.000000','가격',NULL,2,17,false,false);
INSERT INTO `question_option` (id, created_at, updated_at, content, image_url, `order`, question_id, is_check_target, is_check_diligent) VALUES (37,'2025-09-06 11:17:17.000000','2025-09-06 11:17:17.000000','포장/위생 상태',NULL,3,17,false,false);
INSERT INTO `question_option` (id, created_at, updated_at, content, image_url, `order`, question_id, is_check_target, is_check_diligent) VALUES (38,'2025-09-06 11:17:18.000000','2025-09-06 11:17:18.000000','리뷰/평점',NULL,4,17,false,false);
INSERT INTO `question_option` (id, created_at, updated_at, content, image_url, `order`, question_id, is_check_target, is_check_diligent) VALUES (39,'2025-09-06 11:17:19.000000','2025-09-06 11:17:19.000000','있음',NULL,1,20,true,false);
INSERT INTO `question_option` (id, created_at, updated_at, content, image_url, `order`, question_id, is_check_target, is_check_diligent) VALUES (40,'2025-09-06 11:17:20.000000','2025-09-06 11:17:20.000000','없음',NULL,2,20,false,false);

INSERT INTO `survey_response` (id, created_at, updated_at, completed_at, started_at, member_id, survey_id) VALUES (1,'2025-09-03 13:56:50.878000','2025-09-03 14:00:59.637000','2025-09-03 14:00:59.637000','2025-09-03 13:56:50.878000',1,1);
INSERT INTO `survey_response` (id, created_at, updated_at, completed_at, started_at, member_id, survey_id) VALUES (2,'2025-09-03 13:57:20.466000','2025-09-03 14:01:29.400000','2025-09-03 14:01:29.400000','2025-09-03 13:57:20.466000',2,2);
INSERT INTO `survey_response` (id, created_at, updated_at, completed_at, started_at, member_id, survey_id) VALUES (3,'2025-09-06 13:58:05.321000','2025-09-06 14:02:10.512000','2025-09-06 14:02:10.512000','2025-09-06 13:58:05.321000',1,3);
INSERT INTO `survey_response` (id, created_at, updated_at, completed_at, started_at, member_id, survey_id) VALUES (4,'2025-09-06 15:59:12.214000','2025-09-06 16:03:45.777000','2025-09-06 16:03:45.777000','2025-09-06 15:59:12.214000',2,4);

INSERT INTO `question_response` (id, created_at, updated_at, answer, question_id, survey_response_id) VALUES (1,'2025-09-03 13:56:55.000000','2025-09-03 14:00:59.637000',NULL,1,1);
INSERT INTO `question_response` (id, created_at, updated_at, answer, question_id, survey_response_id) VALUES (2,'2025-09-03 13:57:20.000000','2025-09-03 14:00:59.637000',NULL,2,1);
INSERT INTO `question_response` (id, created_at, updated_at, answer, question_id, survey_response_id) VALUES (3,'2025-09-03 13:58:10.000000','2025-09-03 14:00:59.637000','2',3,1);
INSERT INTO `question_response` (id, created_at, updated_at, answer, question_id, survey_response_id) VALUES (4,'2025-09-03 13:59:30.000000','2025-09-03 14:00:59.637000','금액형 기프티콘을 가장 선호합니다. 특정 제품 교환권은 다른 메뉴로 바꾸기 어렵거나 추가 금액을 내야 하는 경우가 많아서, 원하는 메뉴를 자유롭게 선택할 수 있는 금액형이 훨씬 실용적이라고 생각합니다.',4,1);
INSERT INTO `question_response` (id, created_at, updated_at, answer, question_id, survey_response_id) VALUES (5,'2025-09-03 13:57:25.000000','2025-09-03 14:01:29.400000',NULL,5,2);
INSERT INTO `question_response` (id, created_at, updated_at, answer, question_id, survey_response_id) VALUES (6,'2025-09-03 13:58:00.000000','2025-09-03 14:01:29.400000',NULL,6,2);
INSERT INTO `question_response` (id, created_at, updated_at, answer, question_id, survey_response_id) VALUES (7,'2025-09-03 13:59:10.000000','2025-09-03 14:01:29.400000','포인트 소멸되기 전에 알림을 더 자주 보내주면 좋겠습니다.',7,2);
INSERT INTO `question_response` (id, created_at, updated_at, answer, question_id, survey_response_id) VALUES (8,'2025-09-03 13:59:50.000000','2025-09-03 14:01:29.400000','포인트를 쌓아두고 잊어버리는 경우가 많은데, 유효기간이 너무 짧아서 사용하지 못하고 소멸되는 포인트가 많아 아깝습니다. 유효기간을 더 늘려주거나 자동 갱신 제도가 있었으면 합니다.',8,2);
INSERT INTO `question_response` (id, created_at, updated_at, answer, question_id, survey_response_id) VALUES (9,'2025-09-06 13:58:10.000000','2025-09-06 14:02:10.512000','21',11,3);
INSERT INTO `question_response` (id, created_at, updated_at, answer, question_id, survey_response_id) VALUES (10,'2025-09-06 13:58:45.000000','2025-09-06 14:02:10.512000','25,26',12,3);
INSERT INTO `question_response` (id, created_at, updated_at, answer, question_id, survey_response_id) VALUES (11,'2025-09-06 13:59:20.000000','2025-09-06 14:02:10.512000','빠른 배송이 편리해서 주로 이용합니다.',13,3);
INSERT INTO `question_response` (id, created_at, updated_at, answer, question_id, survey_response_id) VALUES (12,'2025-09-06 14:00:10.000000','2025-09-06 14:02:10.512000','리뷰 신뢰도가 낮을 때가 많아 개선이 필요하다고 생각합니다.',14,3);
INSERT INTO `question_response` (id, created_at, updated_at, answer, question_id, survey_response_id) VALUES (13,'2025-09-06 14:01:30.000000','2025-09-06 14:02:10.512000','29',15,3);
INSERT INTO `question_response` (id, created_at, updated_at, answer, question_id, survey_response_id) VALUES (14,'2025-09-06 15:59:20.000000','2025-09-06 16:03:45.777000','31',16,4);
INSERT INTO `question_response` (id, created_at, updated_at, answer, question_id, survey_response_id) VALUES (15,'2025-09-06 16:00:00.000000','2025-09-06 16:03:45.777000','35,36',17,4);
INSERT INTO `question_response` (id, created_at, updated_at, answer, question_id, survey_response_id) VALUES (16,'2025-09-06 16:01:00.000000','2025-09-06 16:03:45.777000','늦은 시간에도 주문 가능해서 자주 이용합니다.',18,4);
INSERT INTO `question_response` (id, created_at, updated_at, answer, question_id, survey_response_id) VALUES (17,'2025-09-06 16:02:20.000000','2025-09-06 16:03:45.777000','배달비가 너무 비싸서 부담됩니다. 최소 주문 금액도 낮추면 좋겠습니다.',19,4);
INSERT INTO `question_response` (id, created_at, updated_at, answer, question_id, survey_response_id) VALUES (18,'2025-09-06 16:03:10.000000','2025-09-06 16:03:45.777000','39',20,4);

INSERT INTO `question_option_response` (id, created_at, updated_at, question_option_id, question_response_id) VALUES (1,'2025-09-04 14:00:59.637000','2025-09-03 14:00:59.637000',1,1);
INSERT INTO `question_option_response` (id, created_at, updated_at, question_option_id, question_response_id) VALUES (2,'2025-09-04 14:00:59.637000','2025-09-03 14:00:59.637000',5,2);
INSERT INTO `question_option_response` (id, created_at, updated_at, question_option_id, question_response_id) VALUES (3,'2025-09-04 14:00:59.637000','2025-09-03 14:00:59.637000',7,2);
INSERT INTO `question_option_response` (id, created_at, updated_at, question_option_id, question_response_id) VALUES (4,'2025-09-04 14:01:29.400000','2025-09-03 14:01:29.400000',12,5);
INSERT INTO `question_option_response` (id, created_at, updated_at, question_option_id, question_response_id) VALUES (5,'2025-09-04 14:01:29.400000','2025-09-03 14:01:29.400000',14,6);
INSERT INTO `question_option_response` (id, created_at, updated_at, question_option_id, question_response_id) VALUES (6,'2025-09-04 14:01:29.400000','2025-09-03 14:01:29.400000',15,6);
INSERT INTO `question_option_response` (id, created_at, updated_at, question_option_id, question_response_id) VALUES (7,'2025-09-04 14:02:10.512000','2025-09-06 14:02:10.512000',21,9);
INSERT INTO `question_option_response` (id, created_at, updated_at, question_option_id, question_response_id) VALUES (8,'2025-09-06 14:02:10.512000','2025-09-06 14:02:10.512000',25,10);
INSERT INTO `question_option_response` (id, created_at, updated_at, question_option_id, question_response_id) VALUES (9,'2025-09-06 14:02:10.512000','2025-09-06 14:02:10.512000',26,10);
INSERT INTO `question_option_response` (id, created_at, updated_at, question_option_id, question_response_id) VALUES (10,'2025-09-06 14:02:10.512000','2025-09-06 14:02:10.512000',29,13);
INSERT INTO `question_option_response` (id, created_at, updated_at, question_option_id, question_response_id) VALUES (11,'2025-09-06 16:03:45.777000','2025-09-06 16:03:45.777000',31,14);
INSERT INTO `question_option_response` (id, created_at, updated_at, question_option_id, question_response_id) VALUES (12,'2025-09-06 16:03:45.777000','2025-09-06 16:03:45.777000',35,15);
INSERT INTO `question_option_response` (id, created_at, updated_at, question_option_id, question_response_id) VALUES (13,'2025-09-06 16:03:45.777000','2025-09-06 16:03:45.777000',36,15);
INSERT INTO `question_option_response` (id, created_at, updated_at, question_option_id, question_response_id) VALUES (14,'2025-09-06 16:03:45.777000','2025-09-06 16:03:45.777000',39,18);

INSERT INTO `tag` (id, created_at, updated_at, name, parent_tag_id, type) VALUES (1,'2025-09-01 10:50:00.000000','2025-09-01 11:05:00.000000','AI',NULL, 'GENERAL');
INSERT INTO `tag` (id, created_at, updated_at, name, parent_tag_id, type) VALUES (2,'2025-09-01 10:50:00.000000','2025-09-01 11:05:00.000000','교육',NULL, 'GENERAL');
INSERT INTO `tag` (id, created_at, updated_at, name, parent_tag_id, type) VALUES (3,'2025-09-01 10:50:00.000000','2025-09-01 11:05:00.000000','금융',NULL, 'GENERAL');
INSERT INTO `tag` (id, created_at, updated_at, name, parent_tag_id, type) VALUES (4,'2025-09-01 10:50:00.000000','2025-09-01 11:05:00.000000','헬스케어',NULL, 'GENERAL');
INSERT INTO `tag` (id, created_at, updated_at, name, parent_tag_id, type) VALUES (5,'2025-09-01 10:50:00.000000','2025-09-01 11:05:00.000000','여행',NULL, 'GENERAL');
INSERT INTO `tag` (id, created_at, updated_at, name, parent_tag_id, type) VALUES (6,'2025-09-01 10:50:00.000000','2025-09-01 11:05:00.000000','패션뷰티',NULL, 'GENERAL');
INSERT INTO `tag` (id, created_at, updated_at, name, parent_tag_id, type) VALUES (7,'2025-09-01 10:50:00.000000','2025-09-01 11:05:00.000000','커머스',NULL, 'GENERAL');
INSERT INTO `tag` (id, created_at, updated_at, name, parent_tag_id, type) VALUES (8,'2025-09-01 10:50:00.000000','2025-09-01 11:05:00.000000','라이프스타일',NULL, 'GENERAL');
INSERT INTO `tag` (id, created_at, updated_at, name, parent_tag_id, type) VALUES (9,'2025-09-01 10:50:00.000000','2025-09-01 11:05:00.000000','엔터테인먼트',NULL, 'GENERAL');
INSERT INTO `tag` (id, created_at, updated_at, name, parent_tag_id, type) VALUES (10,'2025-09-01 10:50:00.000000','2025-09-01 11:05:00.000000','웰빙',NULL, 'GENERAL');
INSERT INTO `tag` (id, created_at, updated_at, name, parent_tag_id, type) VALUES (11,'2025-09-01 10:50:00.000000','2025-09-01 11:05:00.000000','식품',NULL, 'GENERAL');
INSERT INTO `tag` (id, created_at, updated_at, name, parent_tag_id, type) VALUES (12,'2025-09-01 10:50:00.000000','2025-09-01 11:05:00.000000','반려동물',NULL, 'GENERAL');
INSERT INTO `tag` (id, created_at, updated_at, name, parent_tag_id, type) VALUES (13,'2025-09-01 10:50:00.000000','2025-09-01 11:05:00.000000','남자',NULL, 'GENDER');
INSERT INTO `tag` (id, created_at, updated_at, name, parent_tag_id, type) VALUES (14,'2025-09-01 10:50:00.000000','2025-09-01 11:05:00.000000','여자',NULL, 'GENDER');
INSERT INTO `tag` (id, created_at, updated_at, name, parent_tag_id, type) VALUES (15,'2025-09-01 10:50:00.000000','2025-09-01 11:05:00.000000','10대',NULL, 'AGE');
INSERT INTO `tag` (id, created_at, updated_at, name, parent_tag_id, type) VALUES (16,'2025-09-01 10:50:00.000000','2025-09-01 11:05:00.000000','20대',NULL, 'AGE');
INSERT INTO `tag` (id, created_at, updated_at, name, parent_tag_id, type) VALUES (17,'2025-09-01 10:50:00.000000','2025-09-01 11:05:00.000000','30대',NULL, 'AGE');
INSERT INTO `tag` (id, created_at, updated_at, name, parent_tag_id, type) VALUES (18,'2025-09-01 10:50:00.000000','2025-09-01 11:05:00.000000','40대',NULL, 'AGE');
INSERT INTO `tag` (id, created_at, updated_at, name, parent_tag_id, type) VALUES (19,'2025-09-01 10:50:00.000000','2025-09-01 11:05:00.000000','50대',NULL, 'AGE');
INSERT INTO `tag` (id, created_at, updated_at, name, parent_tag_id, type) VALUES (20,'2025-09-01 10:50:00.000000','2025-09-01 11:05:00.000000','60대_이상',NULL, 'AGE');
INSERT INTO `tag` (id, created_at, updated_at, name, parent_tag_id, type) VALUES (21,'2025-09-01 10:50:00.000000','2025-09-01 11:05:00.000000','중학생',NULL, 'JOB');
INSERT INTO `tag` (id, created_at, updated_at, name, parent_tag_id, type) VALUES (22,'2025-09-01 10:50:00.000000','2025-09-01 11:05:00.000000','고등학생',NULL, 'JOB');
INSERT INTO `tag` (id, created_at, updated_at, name, parent_tag_id, type) VALUES (23,'2025-09-01 10:50:00.000000','2025-09-01 11:05:00.000000','대학생',NULL, 'JOB');
INSERT INTO `tag` (id, created_at, updated_at, name, parent_tag_id, type) VALUES (24,'2025-09-01 10:50:00.000000','2025-09-01 11:05:00.000000','취준생',NULL, 'JOB');
INSERT INTO `tag` (id, created_at, updated_at, name, parent_tag_id, type) VALUES (25,'2025-09-01 10:50:00.000000','2025-09-01 11:05:00.000000','직장인',NULL, 'JOB');
INSERT INTO `tag` (id, created_at, updated_at, name, parent_tag_id, type) VALUES (26,'2025-09-01 10:50:00.000000','2025-09-01 11:05:00.000000','전문직',NULL, 'JOB');
INSERT INTO `tag` (id, created_at, updated_at, name, parent_tag_id, type) VALUES (27,'2025-09-01 10:50:00.000000','2025-09-01 11:05:00.000000','프리랜서',NULL, 'JOB');
INSERT INTO `tag` (id, created_at, updated_at, name, parent_tag_id, type) VALUES (28,'2025-09-01 10:50:00.000000','2025-09-01 11:05:00.000000','창업자',NULL, 'JOB');
INSERT INTO `tag` (id, created_at, updated_at, name, parent_tag_id, type) VALUES (29,'2025-09-01 10:50:00.000000','2025-09-01 11:05:00.000000','자영업자',NULL, 'JOB');

INSERT INTO `survey_tag` (id, created_at, updated_at, survey_id, tag_id) VALUES (1,'2025-09-03 11:05:00.000000','2025-09-03 11:05:00.000000',1,1);
INSERT INTO `survey_tag` (id, created_at, updated_at, survey_id, tag_id) VALUES (2,'2025-09-03 11:05:00.000000','2025-09-03 11:05:00.000000',1,2);
INSERT INTO `survey_tag` (id, created_at, updated_at, survey_id, tag_id) VALUES (3,'2025-09-03 11:05:00.000000','2025-09-03 11:05:00.000000',1,3);
INSERT INTO `survey_tag` (id, created_at, updated_at, survey_id, tag_id) VALUES (4,'2025-09-03 11:10:00.000000','2025-09-03 11:10:00.000000',2,4);
INSERT INTO `survey_tag` (id, created_at, updated_at, survey_id, tag_id) VALUES (5,'2025-09-03 11:10:00.000000','2025-09-03 11:10:00.000000',2,5);
INSERT INTO `survey_tag` (id, created_at, updated_at, survey_id, tag_id) VALUES (6,'2025-09-03 11:10:00.000000','2025-09-03 11:10:00.000000',2,6);
INSERT INTO `survey_tag` (id, created_at, updated_at, survey_id, tag_id) VALUES (7,'2025-09-06 11:15:00.000000','2025-09-06 11:15:00.000000',3,7);
INSERT INTO `survey_tag` (id, created_at, updated_at, survey_id, tag_id) VALUES (8,'2025-09-06 11:15:00.000000','2025-09-06 11:15:00.000000',3,8);
INSERT INTO `survey_tag` (id, created_at, updated_at, survey_id, tag_id) VALUES (9,'2025-09-06 11:15:00.000000','2025-09-06 11:15:00.000000',3,9);
INSERT INTO `survey_tag` (id, created_at, updated_at, survey_id, tag_id) VALUES (10,'2025-09-06 11:20:00.000000','2025-09-06 11:20:00.000000',4,10);
INSERT INTO `survey_tag` (id, created_at, updated_at, survey_id, tag_id) VALUES (11,'2025-09-06 11:20:00.000000','2025-09-06 11:20:00.000000',4,11);
INSERT INTO `survey_tag` (id, created_at, updated_at, survey_id, tag_id) VALUES (12,'2025-09-06 11:20:00.000000','2025-09-06 11:20:00.000000',4,8);
INSERT INTO `survey_tag` (id, created_at, updated_at, survey_id, tag_id) VALUES (13,'2025-09-03 11:05:00.000000','2025-09-03 11:05:00.000000',1,13); -- 남자
INSERT INTO `survey_tag` (id, created_at, updated_at, survey_id, tag_id) VALUES (14,'2025-09-03 11:05:00.000000','2025-09-03 11:05:00.000000',1,16); -- 20대
INSERT INTO `survey_tag` (id, created_at, updated_at, survey_id, tag_id) VALUES (15,'2025-09-03 11:05:00.000000','2025-09-03 11:05:00.000000',1,23); -- 대학생
INSERT INTO `survey_tag` (id, created_at, updated_at, survey_id, tag_id) VALUES (16,'2025-09-03 11:10:00.000000','2025-09-03 11:10:00.000000',2,14); -- 여자
INSERT INTO `survey_tag` (id, created_at, updated_at, survey_id, tag_id) VALUES (17,'2025-09-03 11:10:00.000000','2025-09-03 11:10:00.000000',2,17); -- 30대
INSERT INTO `survey_tag` (id, created_at, updated_at, survey_id, tag_id) VALUES (18,'2025-09-03 11:10:00.000000','2025-09-03 11:10:00.000000',2,26); -- 전문직
INSERT INTO `survey_tag` (id, created_at, updated_at, survey_id, tag_id) VALUES (19,'2025-09-06 11:15:00.000000','2025-09-06 11:15:00.000000',3,13); -- 남자
INSERT INTO `survey_tag` (id, created_at, updated_at, survey_id, tag_id) VALUES (20,'2025-09-06 11:15:00.000000','2025-09-06 11:15:00.000000',3,18); -- 40대
INSERT INTO `survey_tag` (id, created_at, updated_at, survey_id, tag_id) VALUES (21,'2025-09-06 11:15:00.000000','2025-09-06 11:15:00.000000',3,29); -- 자영업자
INSERT INTO `survey_tag` (id, created_at, updated_at, survey_id, tag_id) VALUES (22,'2025-09-06 11:20:00.000000','2025-09-06 11:20:00.000000',4,14); -- 여자
INSERT INTO `survey_tag` (id, created_at, updated_at, survey_id, tag_id) VALUES (23,'2025-09-06 11:20:00.000000','2025-09-06 11:20:00.000000',4,19); -- 50대
INSERT INTO `survey_tag` (id, created_at, updated_at, survey_id, tag_id) VALUES (24,'2025-09-06 11:20:00.000000','2025-09-06 11:20:00.000000',4,28); -- 창업자